comments,rating,title
Very slow and not good 8gb ram  according speed very slow and hang bad laptop plz don't money west,4.0,Very solow speed and hang laptop bad
Really hate the product. Its wastage of money. Its taking too long to start and its making a wierd noice in the background its too heavy and large and is not handy at ol.worst part is that they are not even ready to refund nor replace. Really pissed off,1.0,Its a regret!!
The Product Worth it,5.0,Good Product
"Your browser does not support HTML5 video.


  Â Please don't buy this laptop. The screen keeps freezing. I bought this laptop for my daughters online classes but every 15-20mins whether using zoom or Microsoft teams it keeps freezing. Processor is too slow.  Was coming back to HP brand after a gap of 10 years but this has reminded me that why I stayed away all these years. Please do not waste your hard earned money on this.",1.0,Please don't buy
This is  a review after more than 6 months of usage.I had an azuz laptop. But since I had many problems while operating it I ordered this one. At first it was good But now it keeps switching off at times. At first had 9 hR battery now only 3-4 hrs. Not happy with the purchase.,2.0,Not good
"I purchased GR0011AU (1TB HDD no SSD, Ryzen 3 3250). Economical Laptop with decent performance. Battery backup around 5.5 to 6 hrs on streaming video via wifi and general browsing.  I avoided purchasing extended warranty online. Instead buy from the HP helpline (number attached in photo).  Registration and setup of MS Office Home and Student 2019 is tricky as the laptop has Office 365 installed as default. This (365) has to be uninstalled and the Office H&S 2019 image (3.5GB) has to be downloaded and set up. I am doing it all through the HP helpline and they are helpful.. Overall  decent/good laptop for my basic requirements and very good customer support, atleast during setup.",4.0,"Decent laptop, good customer support during setup"
"Firstly for the correct information of all potential buyers - I have had a good experience of HP laptops. Secondly i had budget constraints (below 35k)... so I had to go for one with only HDD, not SSD. I would have loved hybrid types as those work excellent.Thus I opted for this laptop with no SSD, only 1TB HDD, however i preferred 8GB RAM...it has been 3 days and we have been using it for Zoom long meetings..and general surfing (no multimedia use yet). So far there are no visible issues. The fan sometimes gives out a slight burning smell and I assume it is because the circuitry is new... I shall monitor for more days and give another review on this.The laptop's nice feature is the CORTANA support by which windows got configured smoothly, with little intervention. it did take lot of time to boot initially, but now boots up fine....Havent faced any sound or heat issues yet.Screen output quality could have been better..... to get the optimum brightness you have to raise the brightness to almost the limit.Sound output is not that great.....so far so good. will post again after a month of use.",4.0,Reasonable performance so far (it is only 3 days)
"After using it from last 40 days, I have observed all it's aspects deeply.At this prize laptop looks premium. Amazing Design, I got latop with in 3 days  today. It has Magnificent Processor... Amazing Display.. Easy to use.  Battery is also Good. Smooth Touch pad. Overall a genniune Product for Educational and Business Purpose. Go for It.If you want to get more advanced product just add some SDD....Minnor Issue:- It's making some noise while running over internet.",4.0,Alluring Design Go for it.
laptop is hanging if we install more products,1.0,laptop is hanging if we install more products
"Pros:Display quality.Light weight.Decent sound.Good performance as per it's hardware.Cons:One main thing is it's GPU is shared memory not dedicated. Almost  2GB ram will allocated for Graphics. Felt like 4gb even it's 5.9gb usable.Design flaws are there, rough edges like unfinished .Heat vent is placed at bottom, so we have to keep alway on flat surface.Very thin bezel around display.",3.0,OK! For Movies and small tasks.
"Your browser does not support HTML5 video.


  Â After seeing the reviews I was confused. But I decided to go for this and it got delivered within 1 day. I really liked this product. Looks premium, built quality is also good and also fast. It's a good laptop under 36k. As of now, this is my review and if there will be any issue, will let you know.",5.0,I really liked this product ðŸ‘
A used product that was damaged was delivered. Absolutely appalled by this service & I can't believe a new product paid for in full was delivered in this condition,1.0,Absolutely Disappointed!
Products is good....i am satisfied.....but not very first...it takes time to open a exel file.... Battery brkup good.....other facility also satisfying.,4.0,SATISFIED
Looks good ðŸ™‚ðŸ˜Š,4.0,Can buy
"I bought recently and was not disappointed with the product at all. However if you are looking for a product that supports accounting software, etc, please buy a bit higher range. Laptop is more or less fast with good screen quality. Video conferencing is easy on this laptop. Graphic card is high so gaming is good too. Overall satisfied and good for studentsðŸ‘ðŸ»ðŸ˜Š",5.0,"Good laptop for students, affordable."
"I bought this laptop with 8GB of ram and 1TB HDD, and AMD ryzen 3 3250U with integrated graphics.This laptop is good for taking online classes and web surfing.Most of them are afraid of buying AMD processor's but you would not find any heating issues, infact AMD gives more performance with low temperature.If you are a person who is for taking online classes and conference, then you can definately go for it.If need for more performance, then add some 250GB SSD.I will update my review after 6 months.",5.0,HP 15s-gr0011au
"Your browser does not support HTML5 video.


  Â I installed gta 5 on it and it runs on 45-50 FPS and 1080p gameplay best in this budget just go for itFor office workâ™¥ï¸â™¥ï¸â™¥ï¸â™¥ï¸â™¥ï¸And specially for gaming five star rating from my side just go for it itâ€™s an amazing laptop in this budget and like you have already seen that I run GTA5 on it and I have edited videos on 4K and it is like very good so just go for it",4.0,"Perfect For Office, Students, Gaming, Editing And For YouTubers"
"Your browser does not support HTML5 video.


  Â Too slow and takes time to get start. If you are working on more than 2 virtual box machine then you will have worst experience ever. Machine gets hanged and restart several time.Not worth it & it seems mentioned configuration is not up to the mark with respect to its performance...Not Happy at all",1.0,Too much slow
I purchased this machine for my college assignments and allIf you also need it for not so heavy tasks you must go for it,5.0,Performance wise-the best in this budget
Don't buy it seriously telling  you very bad laptop  you all regret after buying it not mentioned specs given hang everytime  . Don't buy it,1.0,Don't buy it
Worth money.I have been using this from 2 days its fantastic.I mainly used this for online classes and gaming. Good performance.Only one disadvantage: overheating,5.0,BEST BUDGET LAPTOP!
"When I purchased this production online, I thought I was buying the best laptop with good configuration, but HP had provided one of the worst laptops, zero support from customer care, and the Whatsapp code provided in the HP laptop wasn't working!!!I had spent so much money on this, and now I regret so much for buying laptop from HP, very bad experience.",1.0,Not good - Performance is so Bad - Getting Stuck within 1 months of buying this HP Laptop
Fake details are given.and laptop is very slow. It's take lots of time while booting.,1.0,Aaaaaa
Outlook not working your preloaded ms office...,2.0,Preloaded ms office not working properly
Nice and met my expectations,5.0,Booting is a bit slow
Total waste of Money,1.0,Wastage of Money
"Excellent product for Students. It has it all built in. Be it Windows 10, MS office life time, HD camera, High resolution display, 8 Gb ram, 1Tb HDD, High quality stereo speakers with good volume.Not tried yet for heavy games like PUBG, CS, ASPHALT etc..",4.0,Must have product for students & office while in WFH
This laptop is very slow and takes very long to turn on it does not work well,1.0,Don't buy this product.
The GST amount which he is crying is genuine.But again the GST has 2 components,4.0,Value for money.
"Your browser does not support HTML5 video.


  Â Hanging, for starting more than 8 min taking, also Restart Also taking 8-10 min..... Horrible Heating....",1.0,Worst Laptop...
The battery life in working condition as per Amazon site will be 8hrs. But sad part is after full charge 25% battery drained within 30 mnts of using mail only .Pathetic experience and complete wastage of money as the laptop I only 4 days old,1.0,Battery life -Poor ...max 2hrs
Laptop hangs during the online meetings. Even placed for the product replacement. Unfortunately replaced laptop has the same issue and even worst performance than the first one. Everyone has to think twice before buying products like laptops from Amazon,1.0,Laptop hangs during the online meetings & very slow.
"Very slow and hangs every now and then. The issue persisted even after the replacement. So, it's a problem with the product. Please go for SSD laptop and stay away from HDD if possible! Very slow and often hangs even while using very basic applications.",2.0,Below average product - Not recommended
"This is my second day and the Laptop already is laggy and choppy. I have not filled the storage and neither have I installed any games and yet it already Lags. Even A lower Specs variant will perform better than this, Bad Choice",1.0,LAGGY AND CHOPPY
System is very slow it takes lot of time for booting some times while playing video or streaming on intrnet audio disturbance no clarity on sound. No key pad back lightBattery backup is not as per claimed. RAM doesnot looks like 8GB,2.0,Not value for money
Battery runs for 4hr on full chage instead the claim of 7 hrsCharger gets heat up badlyGood for surfing and office or home usesBest part the genuine MS OS and MS office will update for gaming?,3.0,Baatery backup if poor 4hrs only in single charge
Please don't buy itWaste of moneyEven it has 8gb ram it is very slowDon't go for it,1.0,Don't buy it
Pros:1.MS office is available after signing in2.Quick start in less than 10s3.Aesthetics4.8GB RAM and Ryzen 3 processor under 35K5.Good sound qualityCons:1.Keyboard back light is not available2.Screen brightness is quite low,4.0,Best available laptop under 35K
"Your browser does not support HTML5 video.


  Â Laptop frequently hangs and need to hard reboot in between work . Once hanged cannot be moved no response.Only way is to hardboot. Attached is video",2.0,Laptop frequently hangs and need to hard reboot in between work
"This laptop comes with a good design for this price. Laptop is bit slow, and sometimes keeps hanging. If you avoid high-end applications then it's good. The best thing is comes with MS Office and Win 10 License.You can goahead with this price and this features if not a high end user.",4.0,"Not bad, good for students and only for personal use not for gaming and over usage"
Its a wonderful system for daily usage. Not meant for heavy gaming. But handles daily usage without any lags. I would say add extra money and go for the one with an SSD as well. Might bump up the speed even more as this only has an HDD.,5.0,Great Product!!!
"Delivered in time. No doubt product is good. It is best for educational purpose.  I am not sure about gaming. All in all, I like product.",5.0,Go for it
This Laptop is very fast with Best screen quality and Useful for online classes.This is one best laptops at this price.Go for it....,5.0,Best Laptop For Students
"Poor performance, very slow. Some defects I do not want to bear. Replaced item carries the same trouble. A clear no to this product",1.0,Not working as intended
This laptop takes more time to start. It has a lite screen decfect like yellow color shade on display. I got a replacement product which has the same problem.,2.0,Not worth for money
Within 15 days i m facing problems of hardware in laptop...wan to retune...,1.0,"Having hardware issue with laptop, camera is not working"
"Your browser does not support HTML5 video.


  Â It's creating problems after 10 days.. don't buy it. I am buy it at 5th may 2021 and it's start problems on 14th may 2021.",1.0,Hanging issue
Fastest service I get the laptop within 12 hr laptop received in very good package and totally safe brand new,5.0,Love the service
"Worth for money, slim, less heating, fast booting, anti glare screen, Go for it.",5.0,Great laptop and good configuration with this price range
Frequently the system is getting stuck while using Teams,1.0,"Dont buy this, it is getting stuck"
"Inspite of clearly being mentioned on the site, Amazon pay ICICI did not issue the cashback on the purchase.ICICI and Amazon are making false claims to induce customers using or taking ICICI cards",1.0,Amazon pay ICICI did not give cash back
"Not even a dy it's already very slow, when you power on it takes 5minutes to gets open. I never saw a new laptop which take 5miutes to open any files or to power on.",4.0,Very slow
Very slow .. and when once  it get hanged than you have to switch off and that start... Very much problem creating pappu... middle of the important meeting... It will betrayed you..,1.0,Don't biluy you will regret
"Very good product, amazing video performance and speed",4.0,Value for money
"I bought it for 32.5k including bank offers.for daily office work and online classes,this lap gives a pretty good output.boot time is little bit sluggish.overall it's a good buy for me.",4.0,Value for money
"The processor is very slow. Takes a long time to start up.Basic applications like Teams, Zoom hangs the system mid-way.Disk shows near 100% utilization without any application running. Got rid of it just in time.",1.0,Poor Performance
I took this laptop for zoom meetings but this does not support backgroundI had to buy additional green screen whereas other laptop support background without green screenSo it is no value for money compared to other brands,3.0,Also the delivery box was completely wet and damaged but luckily no damage inside the laptop
"As per the reviews AMD Machines are very fast, but this laptop is very slow, after having 8 GB Ram also. Startup & Shutdown is very slow, once start need to wait for windows to respond . I don't recommend this laptop",1.0,Very Slow
The lap is very slow within 7 days it is delivered to me...it takes too much time to start when switched on,1.0,Very slow
I got the laptop delivered to me yesterday. The system is very slow. To boot it took more than 120 seconds (2 minutes). I tested it several times.,1.0,Very slow in booting
"Not bad. Exactly one year back I got much better hp laptop with 512gb SSD and also fingerprint sensor at very less price i.e, 33k.",3.0,Not bad
Display is awesome... you can watch high quality movie with IPS display without any lagProgramming can be handled easily,4.0,Best for home and office
"This pc hang a lot;  MS Teams can't even run for 5 min when call started for kids school.Could manage by uninstalling MCcafe antivirus and using web browser (MS team online), not the app.",3.0,Pc hangs
It's good laptop for normal usage and a student...ðŸ™‚Over all good but little bit slow.,4.0,Go for itðŸ–ï¸
This laptop is definitely not a waste of money. The new laptop itself is very slow. Please don't buy this laptop.,1.0,This is not at all a laptop
"Seems to be good laptop. But to start using we need to log in 10 mins earlier, bit slow to log in.. otherwise good laptop..liked it",4.0,Good laptop
"Laptop doesn't have Lights in Keyboard, So you can't work in Night if you don't wants to switch on the Light",3.0,Keyboard doesn't have Light
"The laptop is not working /opening properly.pls send sales and service centre address ,and contact no immediately enable me to takeup the service.pls send immediately.",1.0,Pls help me to service the lp
Laptop is very slow and hangs frequently.  It takes 5 mins to boot and login to the system,1.0,Very slow and bad performance
Been using it for a month and at this price its worth every penny.,5.0,High performance
Everthing is nice but proccessing system is too weak and whenever i start my PC it may take much minutes for opening it.. May be the amazon report to hp to resolve our problem with HP 15 (2021)....,2.0,Not much bad...
"Overall "" i have purchased my own profession ' u have purchased your profession  , thats solve",5.0,AMD was good for budget laptop
Value for moneyAnti glareI exchanged my old laptop Intel i3 and got 8900/- off.,5.0,Best at the given price.
"I use this Laptop for my work and it has been causing lot of issues since after a week I purchased it. Suddenly, there's a Fan sound that gets irritating every now and then. Not worth at all.",1.0,This one isn't worth the money
Novalue for money. I bought it for on-line class for my son. Only teams added and keep on struck and slow in processing.,2.0,Too slow and can't able to handle teams app in good speed
Slow and hanging.,2.0,Slow and hanging
It lags and has some serious heating issue just near by the palm while using touch pad,3.0,serious heating issue
Not worth! Laptop freezes while on MS teams meetings,1.0,Laptop freezes
"for 3-4 days it starts slow but after that , it is not, so good laptop by HP you can buy ut for daily simple tasks and for students it is best.",4.0,overall performance is good.
"Your browser does not support HTML5 video.


  Â Audio stop working, Realtek driver not working properly. Not able to troubleshoot. In one word-- worst product don't ever think to buy",1.0,Worst product
"3rd class product, hangs for just teams meeting, very bad quality, I just lost my money pleaseee never buy this labtop",1.0,Please don't buy
Excellent laptop..screen lighting is bright...good performance,5.0,Excellent laptop
Like it ðŸ¤˜ðŸ¤©,4.0,Improve quality of keyboard
Super working,4.0,Good
overall Good performance for IT professionals.,5.0,overall Good performance for IT professionals.
Good product,5.0,Good product
Very bad processing amd ryzen 3.. It hangs millions of times.. it will freeze... please do not buy this productamd your prosseser is fakeeeee...,1.0,amd is bad and fake
Very cool product at this price range we cannot get 8GB RAM 1TB hard disk laptop happy to buy this product on Amazon,5.0,Value for money
Good laptop for students.,5.0,Good
Very very very poor performance.It's actual price should be around 20k,1.0,Worst product
Poor quality as I bought it for gaming but it doeant support.,1.0,Not a gaming Laptop
"Laptop is working fine. Dislikes are booting time, loading speed.",5.0,An ok product to buy. Not so much good.
I need service of my laptop it's hardware is not working properly,2.0,Hardware problem... system is hang nd struck
"Excellent pick, i was hesitant i buying it after few reviews but a great product.",5.0,Great Product
Perfect for students,5.0,Perfect ðŸ’—
"waste of money,don't buy it for gaming . don't get fooled by images . check for another lap ...it's a scam",1.0,"waste of money,don't buy it don't get fooled by image"
Best product.,5.0,R KUMAR
Purchased for online class. Very bad performance. System is hanging while using microsoft teams. Starting up very slow. Bad product all together.,1.0,Dont buy atleast for students.
It's performance is too good. Only problem is with start button. You have to press it hard to start the laptop,4.0,Nice product.
Awesome product and it's very fast laptop for general use and online classes and work,5.0,Super fast
Good look ...not for rough users....Coding purpose and office work is good ..but don't expect too much it's slow to start because of ram,3.0,It's taken time but ok for smooth users
Performance was very poor.Built quality was not all good.,1.0,The laptop suddenly gets hanged.Performance was not good at all.Built quality was worst.
Smooth working ðŸ˜Š,5.0,Good product
"The product is so bad it's always slow a hang's alot,  I'm not able to attend my online classes properly so I suggest not to buy the laptop",2.0,Very slow and hang's alot
In between during the Microsoft team meeting system gets stuck. This is the 3rd time happened. Kindly suggest what needs to be done.,3.0,Not happy with the laptop
Buy ssd ...bcoze laptop hangs within 1 month. While using 6 chrome tab and a atom editor,3.0,Laptop hanging sometimes
Good performance and high working speed and good Designe,5.0,Best laptop
Working fine so far though the setup in the beginning took a lot of time.But nothing to worry about...ðŸ™‚,4.0,Good so far...
Camera and microphone not working.,1.0,Got damaged product
Sleek,4.0,Nice value for money
Nice Bhoot is a good laptop. There is no problem in doing it with special software.,5.0,Best laptop software used especially.
Great product. Worth the money. Video quality and sound perfect. Happy with it ðŸ‘,5.0,Really good laptop. No complaints.
Worth the money,4.0,Buyable
I dislike this product for not having the backlight in keyboard but i like it for cheap and best product,4.0,It was nice product but there is no backlight in keyboard ðŸ˜‘
Worst product. It's hanging everyday. I want to return it. Please let me know how to return it.,1.0,Worst product
Nice product no issue  everything is so great  delivery is very fast  thanku amazon ðŸ˜˜,5.0,Nice product
"Your browser does not support HTML5 video.


  Â The laptop is defective. Need immediate change.",1.0,Return or exchange
"Though its Laptop of HP but its not having any good quality, it is hanging again and agaiin",1.0,The laptop is getting hang again and again without any reason
Best in this range,5.0,Wonderful
Lowest Quality Product Ever. Waste of Money,3.0,Simply Waste.... Continously Hanging Issue... Heating Issue....
Guys yah laptop naa kharide iska proccers slow he and ise aap return bhia naii kar dakte,1.0,Bekkar product bakvas
Nice productValue for moneyIn under â‚¹ 36000,4.0,Value for money ðŸ’¸ðŸ’¸ðŸ’°
Bekar h aabi aak din be ni hua leya ko hang hona shuru ho gya or Charge be ni ho raha,1.0,Bekar h aabi aak din be ni hua leya ko hang hona shuru ho gya or Charge be ni ho raha
Battery back is only up-to 3 hours while in product feature it was given up to 12 hoirs,1.0,Battery back up is not good
Value for money.. Great product.. Fast delivery..Amazon Amazon Amazon.... Wow,5.0,Great
Getting hanged very frequently.  Wanted to replace. When will i get another one???,1.0,I want replacement.  Pls cooperate
"Value for money, good one",4.0,It's good one buy and check it
hangs frequently...does not even support Microsoft teams,2.0,hangs frequently
have to restart multiple times as the laptop freezes when MS teams app runs.,1.0,Laptop freezes when Microsoft teams is run.
My display is broken after 2 weeks of usage Without any movements of laptop.,1.0,Scam
Best for office useâ¤ï¸,5.0,Loved the performance
Value of money,5.0,Value of Money
Fan was making noise after twenty days of purchase.,3.0,Disappointed
Is okie for past 10 days and after its slightly Slow and hanging.ðŸ¤•,2.0,Okie....
It's hanging laptopIt's running too slowDon't but this,1.0,Hanging
laptop is good but it is slow in booting and running some browsers,3.0,laptop is good but it is slow in booting and running some browsers
This laptop has more heating issue,2.0,Waste
Speed is too slow.. Takes about 15 mins to start running,2.0,Very slow and laggy.. My 4 year old laptop starts faster than this
Good,5.0,Good
Basic applications keep on getting stuck,2.0,Too slow on basic applications. Hangs up a lot
"Sometimes it hangs, but it's altogether good",5.0,Nice Laptop for professional and personal use
It's very slow cheap product don't buy this laptop,1.0,Almost it taking three minutes for starting a new tab
very bad processing but graphics are ok not for daily use,1.0,bad
Good laptop in this price range but hangs a lot,3.0,Okayish
Too many problems with this laptop.,1.0,Not a good Product
Good,4.0,Good display
Good,4.0,Best
SlowNot good enough to run android emulator.,3.0,HP 15 Laptop AMD Ryzen
Do not purchase of hp laptops Money west,1.0,Bad
"Not good, not working camera and wifi.",1.0,Disappointed
Wow....I like this gazet... Thanks ... Amazon,5.0,Amazing
Amazing Product and deliver before given tym,5.0,Amazing
Good product value for money.....smoothusing,4.0,Good
So terrible..it's hang at turn on time......,1.0,So terrible.
More slow operateing waste of money,1.0,Waste of money
Worth your money,4.0,Good
Value for money.,4.0,Good product
Really Great Experience,5.0,Value for money
Box was openedI'm. Not satisfied,1.0,Shiping box was open
Booting is very slow don't go for it,1.0,Very bad laptop don't butt please
Laptop is ok,3.0,Just ok
Perfect!,5.0,Perfect laptop in 34k.
Value for money,4.0,ðŸ˜ƒ
sound quality very slow useless,1.0,worst product.  do not purchase
I didn't get any warranty card,1.0,Warrenty
Good for study purpose,4.0,Worth it
WorseI weep to buy this,1.0,Don't go to get this
very very slow laptop,2.0,Worst laptop so slow don't purchase it.
I like this product,5.0,Performing good
Good product...,5.0,Good product...
Value for money,4.0,Good
Good product..,5.0,Good product ðŸ‘Œ
Camera not working,3.0,Camera
Very good product,5.0,Simply best
Very good product,5.0,Very good product
Display is superb,5.0,Battery backup is excellent
Too slow Laptop,1.0,It is a waste of Money..Too slow laptop
Value for money,4.0,Classic and nice laptop.you must be buying it
Value for money,4.0,"I didn't receive Bill/Invoice, Happy with product"
Worst,1.0,Home key is not working
Good,5.0,Good
Sliw,4.0,Good
Nice laptop,5.0,Nice laptop
Very nice,5.0,Very good
,1.0,Wrong size
Dead slow,1.0,Laptop is dead slow
Speed,4.0,It's ok
Good,4.0,Good
"Totally in awe of this laptop .Itâ€™s a wonderful deal for the price. Initially being reluctant to try Ryzen but I am amazed at the speed, one may not notice the difference between intel and Ryzen . The screen calibration is upto the mark. Sound is crisp and clear.  It comes with 8GB RAM and 1tb memory which makes the machine way smoother and faster.Battery life is  good for the average usage. Like WFH and online classes. May not recommend for heavy gaming.However the only flip side is the starting time, it takes a while to start completely .Apart from this what I totally adore is the premium look it gives at an affordable price. Doesnâ€™t look plasticky at all .It is a good buy, totally worth it!",5.0,Worth it !
64 Bits Windows 10 64 Bits ? Or not under this laptop. What is processer type of this HP laptop.?,3.0,Information
Doesn't seem like 8GB RAM machine. Keeps crashing very frequently. Whole machine stops working for at least 30min-1hr suddenly which happened twice with me within ~15days of using a brand new machine. Data in the machine is also fairly limited and no heavy games are being used. Normal browsing and very basic excel usage.,2.0,Not good enough for price
"Your browser does not support HTML5 video.


  Â We bought this laptop a week ago and use It after 3 days after delivery. Waste of money. Never seen so much slow processor like this. 8GB Ram & 1TB HDD took 10 min to shut down. AmD Ryzen processor 3 a big NO.",1.0,Worst ever processor AMD Ryzen
Received defective product initially.Battery was not changing.But replaced immediately next day by Amazon.Will review again after checking the performance after a week.,3.0,Defective product replaced by Amazon
Don't buy this product. This is waste of money. Wherever you click it hangs. It was unexpected from a hp product. Their customer service is even worse. There are contact numbers given on the laptop but the call does not go through on any of the numbers. Ridiculous. My 36K goes to vain.,1.0,Slowwwwww
Processor very slow even though no apps or outside software loaded. There is a lag even though it's 8 gb ram and 1 TB.,5.0,Upset with the performance.  Even my old desk top of 2013 non branded still works faster
https://amzn.to/3cUG4uyLogin for good quality laptops at affordable rates with all features and latest updates available at Amazon. Login with aforesaid link for good offers,3.0,Quality laptops.
It's freezing very frequently and been blank since an hour... i don't know what my might be the reason.. but it is disturbing my work and making me worried so much.. hp support team please help!!!,3.0,Blanked since hour
Keeps hanging after few days of bought. This is refurbished product and will never buy any electronic on Amazon.....Thief people,1.0,Don't buy any electronics on Amazon
Heating too much ...when you open then only it starts heating... otherwise ok low weight...easy to carry.. battery also charging out in low time,3.0,Ok product
"Weight is thin, Battery Backup, Compact Laptop at Budget price with Microsoft windows 10 genuine with Office 365Overally it is a perfect worth. Go for it ðŸ‘Œ",5.0,Budget Laptop
I am very unhappy with the product.. I got replaced coz system was getting freeze n few keys were not working...Even replaced new system also showing same problem,1.0,Not at all happy...worst product
Amazon team did not help me to change this product - It is very slow and hangs everytime . When i called Amazon call centre they did not help me at all.,1.0,Amazon team is unhelp full to replace this product.
Value for money...but the laptop performance is slow sometimes......U can go for it!! If u r searcjing for bqsic needs rather than gaming and editing,3.0,Not bad.... Packaging is good but the laptop is lil bit slow
many of those who bought dis say its laging uninstall mcaffe antivirus and also update windows hope this helps ............,5.0,laging problem fix
"Awesome laptop... Specially for onpine classes , movies , youtube , editing etc ... Etc.Highly recommended for students... ðŸ‘",5.0,"Excellent product , easy in use and easy to carry"
There are Charging problem. No indicator when laptop charging. So please help me sir. May attention please. Provide mob. No,2.0,Other facilities good
"Worst performace and lagging a lot, why the hell the screen is not standard, it is very delicate.Not satisfied.",1.0,Performance
Price is high. So in these laptop decrease the price then it is good. It's price is main factor. And all is well,1.0,Bad
verygood for online classes and data science pyton very good buyyy ok thanks u for offer me amozon ok bye,5.0,very good for online classes and data science and pyton
Very good product at 35k.,5.0,"Light product.easy to carry,display quality arguably better.. recommended"
Delivered a damaged product,1.0,Damaged product
Got a broken laptop and the customer care is too lagging that I can't return it anymore,1.0,Laptop not to buy
Amazon lies about the specifications.There is only one USB 3.0 port. Rest are USB 2.0. There's no finger print scanner. The screen bleed is unacceptable for the price. The laptop isn't bad but Amazon shouldn't lie on their spec sheet.Edit: returning the laptop. The screen turns yellow on dark and black backgrounds. Way too much screen bleed.,1.0,Amazon's lies all over the spec sheet.
"Excellent laptop. All amd hardware gives advantage of smartshift technology. Gaming performance is excellent.Cons:1. Has 4gb x 2 ram o both slots are occupied. To upgrade further, you have to remove both ram ticks and buy 2 new sticks2. Thermals are not upto the mark but for the price i payed(i.e. â‚¹74,000) it is acceptable...",5.0,A bit compromise in thermals
No thermal issues. Good gaming performance. Battery life is good. The only drawback is that the screen brightness is pretty low.,5.0,Great laptop
"We bought the laptop from Amazon. Package arrived safely, no dmg whatsoever.After opening package we find that charger is dirty with dust on it.Laptop: Laptop won't turn on while we tried. We thought that battery maybe drained and charged it full and tried again. It was fine working performance was good after updating the bios.  After turning off laptop and tried to turn ON laptop after few hours,it won't turn on again. Later we find out that we need to attach charger and turn on Otherwise it won't boot. So,we replaced it and found out it was same with the replaced piece. If not for that samll stupid problem, this laptop with ryzen5 and rx 5600m was a beast. Later I totally returned it and bought different lappy.",3.0,"Good laptop ,but with little fault."
"Nice Laptop for Gaming, editing, streaming",5.0,Good laptop
Awesome laptop . Don't buy if your are looking for a cool laptop (overheating a lot). Or slim/good looking one.Apart from that. Nice laptop. Value for money. Performance wise.,4.0,Good Value for money.
It can run through modern AAA titles in a breeze. Easily getting 60FPS in all games with high settings. Thermals are good. Screen is nice to game. Below are some tips for buyers:1. Install Ryzen controller and limit temperature to 85 degree while gaming2. Get a regular laptop cooling pad while gaming to prolong life3. Upgrade RAM to 12GB / 16 GB. Laptop itself comes with 4 + 4 GB setup so get a 8GB stick and replace one 4GB. 8GB in itself is manageable but most games now require more RAM,5.0,Great Laptop at amazing price. Best price to performance ratio laptop
"I haven't bought this product from Amazon but I've had the product for 2 months now. Since the time I bought this, I've been constantly troubleshooting and fixing issues. Dell Tech support is atrocious, you'll be better off with community support such as the SubReddit and Discord server.Another thing, Smartshift doesn't work like it's supposed to, and turning it off and tweaking some settings with MPT gives a 60% performance boost (around that of a 2070 max-q).Buy this laptop if you're willing to put in the work later, it's worth it due to the price.",3.0,A mixed review
Guys if you're thinking about GPUITS BETTER THAN RTX 2060CPU IS EXCELLENTAT THIS PRICE BETTER THAN HP PAVILION GAMING SAME CPU BUT A GTX 1650TISO DELL IS BETTER IN Gaming,4.0,Gpu
"This laptop is a beast.It's not 16 gb but 8 gb,512 ssd where get 498gb of storageCan run any modern AAA games without any problem .u can even mine crypto coins with this .if your budget is around 75k-80k buy it without hesitation.",5.0,It's the best future proof cheap gaming laptop
"Just opened the packing and writing the review without switching it on. I have ordered the laptop after going through full description, reviews and q&a. There was a question whether this laptop is having usb type C. The manufacturer (Dell) answered that yes, it is available. Based on this answer, I ordered the laptop. But disappointed to see the ports. It is not having USB type-C. Manufacturer should not give wrong info at least.",3.0,"No USB type-C, while in q&a dell answered that it's abailable"
ProsGood processor i3 10th genGreat screen quality and resolution FHDSSD makes it super fastWindows 10 home single language pre-installedMS office pre-installedGood battery backupPremium lookGood and stylish keyboard8 GB RAM gives space for multi-taskingBattery backup is okDell brand on site warranty.ConsDid not found any till now have been using for 1 monthIt is a must buy for â‚¹38k,5.0,Budget laptop with I3 10th Gen
"Not the best screen, side bezel is thin but there is 1.5â€ bezel at bottom which looks bad",4.0,Ok product at this price
No keyboard backlight,1.0,No keyboard backlight
Ex laptop. SSD makes the laptop boot up in seconds. 8 GB RAM helps in multi tasking. Excellent configuration for those who do not require large storage size coz this one is 256 GB. Best option by DELl,5.0,Best option by DELL
Don't go for it. I bought it and it always hangs.. Poor quality laptop,1.0,Poorest Laptop Ever Seen
I like that laptop,5.0,Nothing
"Your browser does not support HTML5 video.


  Â It's been only 20 days....this laptop is not starting now. And lackluster support from #dellindia please help",1.0,New Laptop Not Starting
The product is good.,4.0,Good product
"Build quality is good, performance is also good.It is best budget laptop of perpus of study .",4.0,It's so good for a student
Good laptops,5.0,Good product
I have purchased dell laptop from Amazon and superb speed/quality,5.0,Dell laptop
He's,5.0,JK
Once Again best Product from Dell. This is my 2nd Laptop.,5.0,Best choice
Nice products of Dell,4.0,Good product delivered by Amazon
Screen quality good fully HD screen.!,5.0,HD SCREEN
Good,4.0,Satisfied
Good laptop.. I am using it for 1 week and its working fine.. Whrn working with ms word the screen is becoming black for some seconds.,4.0,Good
"Hai everyone, I have bought this three weeks ago.  In earlier days laptop is very slow and suddenly it overheat feel from tribnes down from laptop. Because after facing my laptop issues , I have contacted Service Team but they also cannot solved issues, after noticing issues to the company,  they guide steps to resolve through internet but after some time laptop begin hang on.  There also no proper service from the company.  I suggest you to don't buy this laptop, it is waste of money and rather than buy other laptop better than this.  As I am experienced so many issues from this laptop in earlier then how can we use to future days. So I suggest to don't buy it.",1.0,Poor quality laptop
"A pretty decent buy. Using it for over 2 months now.1. The Full HD anti-glare display (personal preference with inbuilt Windows 10 Night Light feature on) gives a warm and better viewing experience with no stress on eyes.2. Build and make is a lightweight plastic body but the quality of plastic used + good color, narrow border bezels makes it look more premium and its pretty lightweight which makes this laptop ""on the go"" compared to many laptops in this price bracket.3. Comes with a SSD which helps superfast boot up in seconds. Don't go for this if you are planning to store lot of data in your drive.4. i3 Processor coupled with 8 gigs of RAM makes multitasking better.5. Great audio qualityAll in all, this feels like good laptop for working professionals or students with someone with light usage.",4.0,"Thin, sleek laptop for office work!"
very nice product I love it very much even I am typing the review with the laptop recomend laptop.No need to worry about any thing without thinking buy this laptop it is a very useful laptop and it increased my typing speed.I recomend you to buy this laptop,5.0,Nice product and very easy to setup data
"I would recommend this laptop for basic activities like Internet Browsing, Documentation, Multimedia.This particular model does not have an Ethernet port.Do Register for Dell Festival offer and get 2 Years additional Warranty.",5.0,Best Basic use Laptop
overall good. why didnt i get a dell laptop bag with the package?,4.0,dell - extraordinary product
"Order for laptop, received surprise gift instead",1.0,Worst
i have no word to say,5.0,superb
Super value for money.Dell is a brand of trust. Got all Dell laptops in the family.Inspiron 3573 is the best deal for general purpose.,5.0,My rating
"I'm writing the review after using it for 1 year. The laptop is really good. I use it for presentation purpose and working mainly with documents. The laptop performs smoothly because of the Ubuntu Operating System. The only problem is it is difficult to install the Windows operating system in it. Apart from that, it is a great laptop.",5.0,It's a good laptop for daily basic use.
All is good but this had only one ram slot.Another thing it do not  has cpu fan .Battery life is super.10 hrs,5.0,Good performance .quad core cool laptop
Very poor display it lags when you working on this laptop Because processor speed is very low sound quality is ok and battery life just fine,1.0,Don't BUY this Laptop waste of money
"Best budget laptop under 20keverything is perfect as I wantthe processor is superthanks, dell and thanks amazon",5.0,hardware of laptop is funtastic under 20k
Awesome laptop buy it if you are looking for budget laptop,5.0,Awesome
Nice one is really good at this price. I installed Windows 10 and working good.,5.0,Value of Money product
3rd class item,1.0,3rd class item
After 5 month motherboard gone,2.0,Bad
Nice productIn this budget this was super pc for allThanks to dell & amazonDelivered on time,5.0,Super pc
Great performance and price,4.0,Great performance and price
Good one,5.0,Good
"In this price , it's too much.......",4.0,Too much
Dell product..Very good for average usage..,5.0,Good product.
Dell and Amazon together giving us more than what we pay for...,5.0,Outstanding
nice product,5.0,nice product
Thanks dell team,5.0,Thanks
"Bad product, os corrupted",2.0,Display quality and performance is bad
Defective item received.,1.0,Received defective item.
Value for money,5.0,Go for it
Dell laptop bad,1.0,H.P
I like to use it,5.0,Nice product
great laptop for the price,4.0,awesome lappie
Good,4.0,Goods
Yes,5.0,Good
Software not installed,3.0,Software programs not installed
Good one,5.0,True value for money
Product only Work with Ubantu Not A Windows,1.0,Bandle
Best product laptop,4.0,Superformance
Nothing to say its owsm laptop,5.0,Awesome
It was showing as 11th generation. Even in below questions dell is saying this is an 11th generation laptop.  Very disappointed,1.0,Fake products details
They fail to mention that Office is only a 30 day trial version.,1.0,No Office
Excellent product,5.0,Excellent
Battery life is goodDoesn't cause much glareLight weight and sleekLooks goodWorks fastGood display,5.0,HIGHLY SATISFIED ðŸ‘ðŸ‘
Laptop is good. Screen is good. Only drawback is it's screen/flap is a bit loose it should have been tighter. You can't keep screen down 30-40 degrees it will just fall down. That's why 4 stars or would have given 5 stars. Some people are writing ms office is trial version. It's full version only and is working properly.,4.0,My review after 1 month use
Laptop is good at this price...anyone who wants to buy can surely go for it without any hesitation,5.0,Decent laptop with great pricingðŸ˜
"Good Display, but  starting system is very Slow. No backlight in Keyboard.",3.0,Good
"Best deal found under 40,000 with 8 GB ram but as compared to SSD drive, it is little slow, but light weight, big screen smoth keyboard, one more thing related to keys, ""Home"" and ""End"" work with function key that irritate a lot. If you have lot of work on excel filw that make there little disappoint.Han battery life is good.",4.0,Best deal
Screen quality is good and also anti glare. This is used for online classes,5.0,Very Good
Good,4.0,Overall good
Good,5.0,Super
Screen resolution is very good,5.0,Very t
Battery backup very low,1.0,Bad products
As slow as this animal..ðŸ¢ðŸ˜,1.0,Very slow
Good laptop for online classes,5.0,Good laptop for online classes
"the Dell laptop is worth buying, all purpose and good to use",5.0,nice product
"It did not even switch on, it was a dummy product",1.0,I received a dummy laptop!
Don't find any issues till now. It's only been ten days.,4.0,This is my third Dell piece. Hope it turns out to be better than the other two
Good product,5.0,Good
Awesome ðŸ˜ŽðŸ‘,4.0,Battery capacity
"Good product from Dell.It is very good laptop for student even for professions also i bought this product before 3 days its price approximately 39,000 and I am very happy with that because its price is worthy. Its is 10nth generation intel core i3 processor which make better performance.",4.0,Value for money
Worst product. Very disappointed for me. Now I am using this product for more than 6 months. Hang issues are there on my new laptop.,1.0,Bad product
"Pros1. The look is good2. The WiFi connectivity is good3. The picture quality is good4. Normal operations are fast5. The battery backup is quite good.6. The processor is good.( Lower version of i5 10gen processor is provided)Cons1. The mouse pad is of very low quality2. The keys should have been better.3. No RJ45 port( business strategy to make u buy external USB to RJ45 convertor)4. The speaker's outlet is placed below the laptop. This minimises the sound's loudness.5. Integrated camera should have been planned. The external camera quality is quite poor6. SATA SSD is present so shifting of large files won't be very fast. Since NVme SSD is absent.7. The expandability is a huge issue in this laptop. You can't expand any hardware.In the modern times this is a a crime( not literally) on the manufacturer's part.Do's:Test for screen:-Make the whole screen black.Switch off all the lights of the room. Wait for 2 minutes. Then watch the screen. If you notice any white light getting displayed from any parts of the screen, then your laptop's screen is faulty.Hardware test;Write ""Performance monitor"" in the search bar.Then click on ""Data collector Sets""Then on ""System""Then right click on "" System Diagnostics"",then press start.After the process completes.Click on Reports-> System-> System DiagnosticsYou will be able to check the hardware report on a shallow level.Same process to be done for "" System Performance ""Note: My laptop's screen is faulty and has spots.I have ordered for a replacement.Yet to receive one.Would update with more points.After getting replacementThe last 3 pictures  are of the new replacement. This is even more defective.Amazon :-Service is very prompt and professional.I have got the full refund after returning the second defective laptop as well.Note :Most of the people don't even check all the technical details.(mainly because they don't know to check and many are lazy to verify even after knowing how to check)Suggetion:Do NOT buy this laptop.If you are buying, please check properly by the procedures mentioned above.",2.0,Compromise on Quality and very low Reliability
"Pros-Battery -10/10(used 5 hours continuously yet 54% battery was remaining.)Screen quality- 10/10....(the picture quality is awesome. Size is a bit small as previously I was using a laptop of 15.6"" screen size but quality is way more better than that old laptop screen.Performance- 10/10( core i5, 10 generation processor provides lightning speed. Maximum 5 sec to boot)Build quality- 10/10(alloy of aluminium and magnesium gives it a premium look. Strong, durable and classy look)Cons-Sound quality- 8/10(average but yet good in this budget.)No backlit keyboard but I personally don't care much about that.Edit- After 2 months of use a blue vertical line is appearing on screen which is a hardware problem. Now I will have to take this to mi service centre. Downgrading it rating From five to 1Conclusion- Don't trust Chinese products build quality ever.",1.0,Premium Laptop with flaws
First look :1. Good build quality2. Good speed3. Good screen clarity4. Good battery backup5. Good WiFi connectivity - no hassle there6. Good Sound - but only if you enable the DTS audio processing (open app which is preinstalled. Go to graphic EQ and enable it - sound increases by close to 50%). if you don't sound is low7. rapid boot - 6-7 secondsMeanwhile -1. The key pad is slightly sluggish2. USB cam - external so there is a wire always3. While charging if you touch the back of the screen you can feel some uncomfortable static on hand. Goes away if charger is switched off.4. No back lit keyboard5. The touch pad could have been better,5.0,First look after  10 day use
"Ordered this a little more than a week ago during the festival sale. I ve used many Xiaomi devices so even though laptops were a new territory for Xiaomi (at least from an Indian market standpoint), despite mixed reviews I thought why not give it a try considering the price to value ratio, all the while knowing that should it give me any issues I can always return it.From day one, the laptop gave me issues :1) mousepad stopped working2) usb cam does not get recognised 50 per cent of the time3) the mic is not recognised in online meetings 50 per cent of the time. Only solution is to end meeting and rejoin.4) browser hung on day 1 without multiple tabs opened.I gave it a few days but the issues were consistent and therefore I called Amazon within the stipulated deadline, to return the product as I had lost trust in Xiaomi as a laptop brand and wanted to invest in an established brand like dell,hp.First, Amazon have kept specific windows now to get hold of their team for returns 8am-12. 12am to 1. I kept an alarm so that I don't miss the second slot, as because of my shift time the first one is not possible. The rep. told me to my shock that returns are not possible anymore on electronics and I should have a technician visit and fix the issue. I told him I'm not a person who can afford to keep switching laptops and hence I intend to invest in a laptop which doesn't run into issues as I will keep it for 8-10 years. The rep. transferred the call to the manager. He repeated the samething, dealers complain to us so we changed policy. I asked them to check my purchase history, I ve been a regular customer with expensive purchases like washing machine, multiple flagship phones etc. which I have never returned. So I told them that I can understand if you say this to a habitual offender but not me.Then he said they can't see ""what options will be "" available until a technician visit happens. The other option was an online test. Since I work in shifts, I said I prefer an online test to which I was told there was no option for manager to transfer call and also the tech team didn't work at this time. I told him what's the point of having a specific slot for return calls when the relevant team doesnt function at the time.After a lengthy conversation, I wasn't left with any option but to book a technician visit. Looks like they re going to force me to stay with this laptop but I feel very cheated as I never used to consider any other e commerce company due to Amazon s customer first policy, but when it was really my turn to experience it, this is what I got.I even said I'm fine with credit of my money as Amazon balance for future purchases so that I can buy a laptop of my choice. This will give dealer s confidence to sell faulty products. Most importantly a loyal customer lost is a loss of free word of mouth publicity and there's no data on how many people that he/she shares their experience with. It all adds up. Hope Amazon wakes up sooner than later and starts respecting it's customers again (at least ones who have a clean history).",1.0,Loss of trust in Amazon's cust. first policy
"Regardless of what review you read about this laptop, dont go for it.I just recieved it, and not really confident about how my experience is going to be but my last HP core i3 lasted for 5 years and was still good.As you can see the picture taken with a black background in full darkness and see the white lights coming from everywhere. Not sure if this is normal but it doesn't give you a good feeling about future experience.Overall, its too much a risk taking just for i5 processor.",1.0,Dont buy it. Period.
"If you are not a heavy-duty person, Go for it. It gives you the best performance at this price range. If you can live with a keyboard that doesn't have a backlit feature and an integrated webcam, you will be fine. (They are providing a 720p HD USB webcam separately)Don't compare this with the gaming laptops, their built is different. You can run games on this for sure, but don't expect it to be an all-rounder. The power back-up and UHD screen with its processing speed make it a great buy for people who enjoy watching video content and for coding...Con: I have mixed opinions on the trackpad. you have to get used to it for it to work smoothly. (If you generally use a mouse on a laptop, it doesn't matter)I will try to update my review when I start to see new things. Keep Smiling...",5.0,Great Product for Personal use
AVOID. DON'T BUY. It's a sub-standard cheap product. Have used it for around 8-10 months. The Windows OS has crashed twice. The mother board has malfunctioned. Had to replace it with own money. Now the keyboard has stopped working. Have ordered a new keyboard by making payment. Have spent more than 20k on repairing a product that costed 45k. Mi Laptops are sub-standard. NO ONE SHOULD buy this. Top this that the keyboard of an Mi laptop is expensive than Lenovo Thinkpad series !! Avoid Mi Laptops. They are just scrap stuff.,1.0,Sub standard typical Chinese Cheapo product
"Amazon makes us smile and happy at heart with sweet little surprises, I had ordered for this variant and Amazon gifted me a Horizon Edition Highest version variant,I contacted amazon service and informed them  through chat, they offered me to return the product and take refund if i don't wish to keep the horizon edition ,well guys you will rightly guess what i did.Thanks amazon for the wonderful surprise  gift .Now about the Laptop ,its best in class , clear and crisp display, top speed , no heating and last but not the least the killer looks ,so guys go for the laptop and more purchases through Amazon.Thanks amazon",5.0,surprize gift from Amazon
I order for 512gb variant with intel graphic which weighs 1.56kg and also screen bezels are more compare to horizon edition.After almost 2 month of usage I feel it's a good product if we ignore few things like backlit led keyboard and a good Camera missing as the camera given by mi is not great. I purchased a different camera for video calling.Below are my review and rating based on max 10.1. Built quality is very nice. Not so premium bt it doesn't give you a cheap look. (7/10)2. Screen viewing angle and colour is very nice. 8/103. Battery is decent but not as per my expectation. Watching video 3 to 4 hr and without video 5 to 6 hr. My expectation was with video at least 6 hr. 7/104. Keyboard is very nice quality and response is also very good. I was aware of the fact it doesn't have backlit led but after buying sometime I used in dark and that time I was missing that feature . 8/105.One more biggest drawback is no type c charging point. That could be a better feature.6. Performance wise for me daily normal usage no issue. Dont expect gaming with intel integrated graphics. Not that great.7. Heating. Actually till date never had such issue.8. Sound quality...I am happy with a laptops sound quality as I am not expecting a woofer out of it. Its decent and good.,4.0,My review after 2 month of usage
"The one thing that Windows laptops always lacked was the premium finish that Macbooks offer. Here is Xiaomi's answer to that. This could be the most finished and premium looking laptop under 50k. Great display, great battery and great keyboard! They've covered all the basics.The decision to avoid camera in Horizon edition was a wise choice considering its thin bezel on top edge. But this model had plenty of space available on top of display to add a camera. Don't know why they didn't add it. Anyway, the separate camera given together is better than Macbook's camera.Getting a battery life of about 10 to 12 hours with browsing & watching videos. More than what they promised!!Did not face overheating while charging or using Photoshop & Premiere.There is a lot of Windows updates including latest version of drivers are pending to install. Do all updates to get the best performance.Hats off to Mi for bringing this laptop to India. Hope all future models also will release here.",5.0,A true competitor for mac
this is review after using 2 weeks this laptop.1- battery  10/10 its is giving best battery performance like a mobile.. lol2- display 10/10 you are never gonna get in this price this much better display.3- full metallic body looks like macbook 10/104- performance i5 10th gen its rock in this device no heating issue at all not even little. 10/105- connectivity little bit dissatisfied with wifi connectivity with router when internet speed is less it gets disconnected everytime 5/106-web cam its far better than any laptop inbuilt web cam no problem faced till now.7- price no one can give this much bundles of things in this price range . i'm not a MI fan this is genuine review.8- charing time really its amazing 50 min for 100%,4.0,amazing product
"For the same configuration, you would need to pay a couple of more thousands from any other competitor. There is so much clutter in the market you will find it difficult to choose a model. This package is good - CPU, Battery life, size, compactness, HD screen with anti-reflective coating.Also, in your previous laptop if you just sync with Onedrive the move will be seamless. However, my major anxiety was about the kind of trackpad having used a Macbook for a last couple of years. It is pretty good - very responsive and smooth.A couple of drawbacks to watch out for:No backlit keyboard (Too much to ask for at this price point)No integrated webcam (will be shipped separately and may take a few days) - This will take up one slot on your USB if you are on video calls. An immediate alternative could be to use your phone as a webcam wirelessly - Quite a few apps are available for that.",5.0,A good package that ticks all the boxes and just works
Pros:1.Metal body(really well built)2.Screen quality really good3.Enough bright(not under sun)4.Really fast SSD(mine is samsung)5.Bootup speed is 11s6.Good battery life(46Whr) (around 7hrs with mixed use)7.Design(minimal and slim and light)8.Almost scrach proof(upto an extent)9.Good performance (least of my worriesðŸ˜)Cons:1.Backlight bleeding(only noticeble in dark screen)2.Upgradibility(doesn't matter to me)3.Trackpad(tracking is ok but buttons are worse. Feels like it would break. I use gestures only)4.No type-C (i dont care)5.No SD card slot6.Speakers distort on high volume7.Headphone output lacks base and it distorts too.Conclusion:Has some cons but every other laptops have it too(in this price range).I say its a great laptop for the pros it delivers ðŸ’¯.The external webcam does not bothers me as i dont need it.Not for gaming but can handle older titles.,5.0,Best for its price!!
"Laptop design and performance is awesome. But I want to bring in notice of Amazon official about their recent delivery scandals in mostly rural areas.Now a days all the product box are either damaged or is torned out. Like for this MI laptop the outside box completely torned out. Someone must have tried to change to rob some accessories from this box. The main box seal is already torned out.Similarly for another one product of mine, the delivery team has given a completely different brand product without any charger or accessories.Amazon team should investigate into this. I have all the supporting proof.",5.0,Scandal: Excellant Product But extremely Poor Amazon Delivery
Laptop is good the screen is faulty and it bleeds when we starting up the device. Amazon and Mi both are working good but in my condition they cheated me. When I am trying to replace the product Amazon is  only returning my product not replacing this. Amazon please replace my laptop.,2.0,Good laptop but bad experience with Amazon.
Professionals please dont purchase this product. The screen size is 14 inch and that is very less for professionals. Camera quality is very poor so client calls and meetings cant attend with this creepy product.I contacted the customer care several times and they are not even ready to check the product and they said they cant return any electronic products purchased from amazon. So please consider this review before you purchase this creepy product. Total disappointment. From both Mi and amazon,1.0,Creepy product and very poor customer service from amazon
"Well after more than 6 months of usage now I can say that its not the best buy for the price. The battery performance now is quite poor may be around 2 hrs against claimed 7 hrs. the WiFi isn't the best at all. Drops not very frequently but quite regularly. Display, performance etc are fine for the price though. But one of the reason for my purchase was battery performance and that turned out to be poor. So not very satisfied overall.",3.0,Decent laptop BUT....
"They provide trial MS office software of a month long.So they sell cheap but once you install it,MS starts roaring to purchase new paid version.And then either purchase or compromise your data.The same old story of saying big at the time of selling ,then after the sale , asking to approach other for services .Better buy other Indian product evenif it may seem a bit costly than chinese.",4.0,A white elephant had no tail.
"I was disappointed to find that less than a month after buying this product,  I started getting display issues,  where the screen started flickering when I put down the screen. The display would come back again when I opened the laptop.  In other words i faced this problem while opening and closing the screen.I paid 45000 for this new product and already its showing defect. Didn't expect this from a Xaomi Mi product. For the last 4 days it is at a Xaomi service centre, and god knows when I will get it back.",1.0,Very disappointed due to display issues within a month !
"It's an excellent product from Xiaomi. I have been a Xiaomi phone user for many years now and hence i know the way their product performs and this was no different. A very handy product, light weight, compact and looks good too. The SSD provides a very fast boot-up and shut down operation and the 8GB RAM ensures seamless performance. I don't use it for gaming or high end graphic software and hence not sure how those would pull through but for a normal user this laptop is a gemTwo suggestions for improvement. It's always better to have integrated Webcam even though it might compromise and little bit of the screen space on the top. It's not that convenient to connect the webcam separately. Second suggestion is to have an Mi Logo embossed on the outside of the Laptop like HP, Dell and other companies do as this would give the Laptop a premium look.",5.0,Excellent Laptop.. Really Value for Money
"Your browser does not support HTML5 video.


  Â After 10days return period, problem srarted, windows and other keys not workung, tool bar nor working. I tried to conract with MI care, they said your product serial no is not matchung with us. So we cant help in this. I conracted to amzon. Got reply u your on contact with Mi care. We cant help u. Some how After complaing on twitter , MI care assured me that i will get help.. still 3days went ,i have not received any call from MI.",1.0,"Keys not working, after replacemnt perid over."
"Good laptop for kids. You can not use it for development purpose.If you install Visual Studio 2019 with SQL Server, then the speed will slow even if i5 processor.Also, the touchpad is very cheap and the speaker volume is very low.",3.0,Good For Kids
"i am satisfied with this laptop performance ,its very smooth and battery backup is like of a phone more than 5hrs ,no heating problem so far .this after 2 days of use so will keep updating .edit:after one month of use i can say that i am very satisfied with this laptop , with its speed ,its power backups , everything about this laptop is simply superb.(i haven't played any games so far , mostly i use it for programming purpose)",5.0,smooth as butter
A great battery life about 8 hoursA good processorWith 8gb ram 512 ssd laptop specs are goodSsd are of samsung which are really goodDisplay greatHeating problem with this laptop.Outside camera is also a disadvantage of camera lost we have to buy a new oneOverall laptop is good for workoverall marks =9/10,4.0,Review
"I got this on 7 november. Used for so.e basic work and downloaded acrobat ms office etc. PROBLEM started on 24 november it did not read wifi router , phone tethering, hotspot.  The laptop was useless without this feature.  I have to take  NEW device in service center.  MI it is a real bad experience.  I should stick to dell.",1.0,Wifi not detected by laptop
"I ordered on 17th June and received on 19th with external USB Cam.Pros:1. Battery: normally runs around 7-8 hrs of continuous web browing and calls.2. Look n Feel: Local Mac3. Bootsup: in 8-10 seconds4. Nice configuration: 512 SSD, 8GB RAM 14"" screen, this is enough for more than normal usage.Cons:1. purely MADE in CHINA",5.0,Best buy and Value for money
Performance of the laptop is good.Mouse pad is not of great quality. Keypad is not back lit and speakers are below average.These days of web conferences and video calls having an old style wired web camera is a deal breaker.,3.0,"Not a great laptop, with a wired web cam."
Better than hp and dell..Awesome device totally satisfied with the performance and build quality is also very good.ðŸ¤©ðŸ¤©ðŸ‘ŒðŸ‘Œ Go for it ..,5.0,Superb by Mi
Awwwf... The product is so good nd prettyðŸ˜â¤Open nd close tym is less than 7 secs... Also battery lyf is good...screen quality is 2k pixel but it's enough for this one....4k video also goodHere 2 writing speed mode one is normal 2.0 port another one 3.0 port...ovr all writing speed is ok... Not bad ðŸ‘ðŸ»then camera quality day tym good nyt time grain on mirror...that's onlyThen speaker is good...nd manageableI think it's very useful nd good product for employees also student ðŸ‘ðŸ»,5.0,Awwf stuff is thisâ¤
"Perhaps i was apprehensive about MI laptop and wanted to go for Dell only as i have using Dell Laptops from 15 years or so, but once i bought for my son and started using it, all negative apprehension became falsehood. Integrated Camera quality is awesome.",5.0,Awesome Product
1. Excellent performance2. Battery backup more than 10 hours (might less if you watch video & audio)3. Good audio experience4. Keyboard is feather touch5. Boot speed is awesome...,5.0,Awesome product at this price
This is the most value for money laptop. Great features at the offering price for Professional users. Not for gaming. In-built Camera quality is not very impressive though.Great looks and premium feel. It's totally aluminum built. Superb product by Mi,5.0,Great Laptop
"1. Display quality is too good, never expected.2. Sleek design with negligible weight.3. Bootup speed is also good, as it is coupled with SSD and 8GB RAM4. Camera not yet received, ideally it would better to incorporate in the laptop itself.5. Office 365 is only valid for 7 days.7. Charge speed and battery backup is also good.8. Blacklet keyboard is missing.Overall good product. Thank You !",5.0,Good Product for this price range ðŸ‘
"It's light weight because of aluminum body and sturdy. Like apple Mac book. Stunning speed and quality of keyboard, display. Sound felt little low but good clear voice.Over all value for money",5.0,Good. Value for money
Screen Quality And Battery Life are good but you will be facing disappointment with the sound quality...! For that you have to connect external speakers for a better and loud volume...! And till now my overall experience has been good...! You could go for it...!,5.0,Need some improvement...! But it's better than Horizon Edition..!
"Everything is fine...processor, ram, sdd hd etc. Works well without any issue. Just little bit of sad that no sd card slot is there and no LAN port is available. Except that, all are fine.",5.0,Nice Laptop
"I brought it for boy friend, we were waiting for the sale to start. Finally we booked and we got it. He is using it and he is happy with product. â¤",5.0,Worth buying!!â¤
Best laptop for normal usage. Value for money product. Powerpacked performance. sleek,5.0,Sleek and light weight power packed
I have purchased Mi notebook almost a month before and I am happy with the purchase.  Battery backup is goodPerformance is up to the mark . Only drawback on Low sound volume and external camera. Rest all good!It should have been better if they can include o365 subscription as well ( or office 2016 subscription),5.0,Perfect PC for personal as well as office use
"Laptop stopped working after 25 days as it was not getting charged. Contacted MI support and I have been told that some one will contact me within 48 hours, but no call back even after 72 hours.",1.0,Don't buy this laptop
Awesome... Go for it,5.0,Awesome product
Bill is not available please send me mail copy sunil05pune@gmail.com,4.0,Bill copy
This is cheap quality product. It has screen bleeding issue.,1.0,Screen bleeding issue
"Screen build quality is very poor, Just a little push cracked the screen. Also, with no insurance option provided during purchase.",2.0,Screen build quality is very poor
Quality of webcam is bad.... Not satisfied,4.0,Webcam
Very bad product don't opt for it.,1.0,Bad product
Please don't buy this laptop . Laptop suddenly off and not working now .Worst product with high price,1.0,Laptop suddenly off don't buy
"Within 2 months shift, caps lock and S key gone out of order...Looking for service centre at calicut",1.0,Keay board issue
Very good Laptop in this price,5.0,Very good Laptop in this price
Good camera qualitySmall thicknessValue for moneyProcessor is goodNice one,5.0,Value for money
Received a manufacturer defects product.. the cabinet is bend.,1.0,Manufacturer defects product
"Ok, webcam and backlight keyboard disappointed",4.0,Ok Good in this prize
Good.,4.0,Would recommend this product.
Best quality,5.0,Great product with best price
"Touchpad of laptap is not working properly,",1.0,Touch pad issue
Good,4.0,Good
Get products value for money,5.0,Go for it
Best simple laptop for multitasking,5.0,Its is a multitasking laptop
It's ok ok type,2.0,Not aap er price
Can select,4.0,Overall good except web cam
Good quality and battery life,5.0,Best Buy it for medium users. I liked it
Yellow light coming from the cornerðŸ˜”,1.0,Battery
Best laptop in 45k price range,4.0,Nice product
Worst,1.0,Camera not detected in laptop with integrated camera
Worth buying for standard users,5.0,Amazing Product!
Camera quality is very bed Kwality,1.0,touch not working puar quality
Good,4.0,Good configuration
Complete waste of moneyTouchpad is not working,1.0,Don't buy!!!
Screen and battery are goodSound is worst,2.0,Worst sound quality plz don't buy
Adaptor gets overheated....,4.0,Adaptor gets overheated
Fabulous item. Worth for money spent.,5.0,Awesome
MS word not provided,1.0,Ms word not provided
To be frank awesome performece,4.0,Excellent
Nice and comfortable product,5.0,Value for money
"THUMBS UP TO ðŸ‘ XIAOMI FOR FINALLY INTEGRATING WEB CAM WITH THIS BEAUTY.First of all, stop thinking it is a low quality Chinese product. That's  not the case here. I have used laptops  from many different  brands over the years and I haven't come across something  this good at this price. Of course  if you are going to nitpick, you will indeed find some flaws but for a normal day to day user it won't matter.Note : If you want something more sleek and portable go for this acer laptop here .. Its slightly expensive but worth the extra money you pay.Like:1) âœ…Really lightweight and sturdy. This is one of those laptops you can use for hours on your lap.2) âœ…Display is just perfect for media and reading. Punchy3) âœ…Decent battery life of 5-6 hours for such a cheap laptop. 4cell Battery.4) âœ…SSD , i5, 8GB RAM. Trust me, the combination is perfect.5) âœ…Webcam is actually Good if you are sitting in a well lit room.6) âœ…Fast charging like this is a must for laptops. 65W# Some things to note1)ðŸ¤– RAM not upgradable : Well the majority  of users  never upgrade  a thing in their  laptop.2) No backlit keyboard3) Trackpad is not a premium one. But its usable.4) Body feels fragile.5) Mi after sales support is not something to praise. Also its not available  in every city like Lenovo, HP etc.6) Repair costs after warranty will be a bit high just like MacBook.ONE LAST THING, some users are complaining that the  Storage used is SSD SATA 3 and NOT NVME, so speed will be limited to max 500mbps. Trust me, its just won't  harm you in any way. SATA ssd is fast enough.##ðŸ”‹ BACKUP IS NOT THE BEST. BUT I AM HAPPY.=========================================Talking about the battery, the charging time is very less compared to other laptops in the market. I will mention battery stats in my usage. That is, it takes somewhere around 25 to 30 minutes to charge from 50 to 100%. This is not bad, right! And talking about battery life in my usage, my usage starts with a full charge. After two video calls ( each, one and a half an hour, that is totally 3 hours), 45% of battery still remained, which is also good. So you can expect an average of 5 to 6 hours of battery life.ðŸ¥¸Verdict : See this is a really nice system with i5 processor that will let you do all of the productivity tasks such as word, excel, publisher, some light photo editing, light video editing, netflix, youtube, gaming etc.I hope it helps.",4.0,6 PROS // 6 CONS . Make your decision
Good product very fast dilevery,5.0,Nice
"Very good, light weight laptop",5.0,Laptop
Screen is bright,4.0,It's good for personal use
I like overall laptop for that price.,5.0,Value for Money
Good product,5.0,Battery
Very nice ðŸ‘,5.0,Excellent prodect
Ok good,5.0,QUALITY
Good laptop at this price,5.0,Good laptop
Ok,2.0,O
"THUMBS UP TO ðŸ‘ XIAOMI FOR FINALLY INTEGRATING WEB CAM WITH THIS BEAUTY.First of all, stop thinking it is a low quality Chinese product. That's not the case here. I have used laptops from many different brands over the years and I haven't come across something this good at this price. Of course if you are going to nitpick, you will indeed find some flaws but for a normal day to day user it won't matter.Like:1) âœ…Really lightweight and sturdy. This is one of those laptops you can use for hours on your lap.2) âœ…Display is just perfect for media and reading. Punchy3) âœ…Decent battery life of 5-6 hours for such a cheap laptop. 4cell Battery.4) âœ…SSD , i5, 8GB RAM. Trust me, the combination is perfect.5) âœ…Webcam is actually Good if you are sitting in a well lit room.6) âœ…Fast charging like this is a must for laptops. 65W# Some things to note1)ðŸ¤– RAM not upgradable : Well the majority of users never upgrade a thing in their laptop.2) No backlit keyboard3) Trackpad is not a premium one. But its usable.4) Body feels fragile.5) Mi after sales support is not something to praise. Also its not available in every city like Lenovo, HP etc.6) Repair costs after warranty will be a bit high just like MacBook.ONE LAST THING, some users are complaining that the Storage used is SSD SATA 3 and NOT NVME, so speed will be limited to max 500mbps. Trust me, its just won't harm you in any way. SATA ssd is fast enough.##ðŸ”‹ BACKUP IS NOT THE BEST. BUT I AM HAPPY.=========================================Talking about the battery, the charging time is very less compared to other laptops in the market. I will mention battery stats in my usage. That is, it takes somewhere around 25 to 30 minutes to charge from 50 to 100%. This is not bad, right! And talking about battery life in my usage, my usage starts with a full charge. After two video calls ( each, one and a half an hour, that is totally 3 hours), 45% of battery still remained, which is also good. So you can expect an average of 5 to 6 hours of battery life.ðŸ¥¸Verdict : See this is a really nice system with i5 processor that will let you do all of the productivity tasks such as word, excel, publisher, some light photo editing, light video editing, netflix, youtube, gaming etc.I hope it helps.",4.0,6 PROS // 6 CONS . Make your decision
"Great laptop in a very affordable price. Except the speakers, I don't have a single complaint about it.Â· Solid body, feels like MacBookÂ· Very nice screen panel.Â· SSD makes this laptop so much faster. It wakes up from the sleep even before completly opening the lid.",5.0,Wonderfully built quality.
Excellent laptop for research work.Easy to port with long battery life.100/100. In this budget this is premium laptop andMust buy.,5.0,Battery life keypad and it's processor
I purchase this from last month this is very very bad quality display . Not have camera inbuilt . Its weste of money don't purchase it,1.0,Weste of money
Amazon makes us smile and happy at heart with sweet little surprises .It's an excellent product from XiaomiThanks amazon .,5.0,Premium Laptop
Worst laptop ever i have ever bought. Display is not so good. Its touchpad has only single button and in this price range we can get much more features in asus or Lenovo,1.0,Don't buy this laptop
Best battery life(10/10)Sound quality is not best for movies**Excellent for coding**No chance to increase storageIt takes to open windows 0.7 sec,5.0,Best for codingðŸ‘ŒðŸ‘Œ
"iam writing this review after 7 months of purchase ,Amazing laptop at this price , a very good product ,very slim,light weight, rich outlook, longer battery ðŸ”‹ life, excellent sound",5.0,Everyone can buy undoubtedly
"Excellent laptop at this price. Clear display, good built quality and an awesome battery backup. The SSD is really amazing in its response time.",5.0,"If you consider buying a laptop (Not gaming), then this is what you need."
"Screen damaged in 30 days, i buy this at 39k,You dont need to buy this product.Bad experience, performance almost good",3.0,Screen damaged
Hardly used the laptop very less. Might used 10 times. Battery has gone and replaced. Luckly its in warranty period.,3.0,Battery had issue
"Very good laptop , laptop performance is good , value for money , i bought it 8 months back I never faced any issue",5.0,Good laptop
Ram cannot be extended.,1.0,Ram cannot be extended.
Not that good as per I expected! Having some problems in the day to day usage. Just think before purchase,1.0,Good
"I bought this laptop after a deep research. Was highly sceptical whether I will get a product without any defect or not. Guys let me tell you, this product is awesome. Simply smooth and impressive. Being a Chinese product, this is impressive. I went through so many negative reviews back and forth. First of all I am not bothered about backlit keyboard, finger print scanner and a CD drive. Life has to be easy and light, so it is given by this product. If I want all these missing features as mentioned above in this laptop, then I should have bought a cell phone and not a laptop. Guys you are buying laptop and not a mobile phone in which you want fingerprint scanner, backlit keyboard and so on. So far after 48hours, my verdict is, it is impressive. In the price which is mentioned. I will edit by review after 10 days and so on. As per requirement. My gut feeling is, it will remain the same which is impressive. What I loved are as follows:-DisplayFast accessSmooth touchpadAmazing built qualityVery impressive battery backupAmazingly light and thinThe processor is fastAfter continuous usage, it didn't heat-upLook and feel is satisfactoryWhat I didn't like is:-ONE MONTH MS OFFICE (TRIAL VERSION)Edited - 23rd May 2021It is working fantastically and I love it's speed. I love when I open the lid and your home screen is open in 2 seconds. Loving it. Will update it again.",5.0,Read it before you buy this and don't go for all the negative reviews
"Mi has hit it out of the park with their Horizon range. These laptops are no nonsense, fast, dependable products which are a welcome addition to the laptop scene in India. The Apple style Aluminium body is very pleasing aesthetically.",5.0,Very good VFM Laptop
"à¤‡à¤¸à¥‡ à¤–à¤°à¥€à¤¦à¤•à¤° à¤®à¥ˆà¤‚ à¤–à¥à¤¦ à¤•à¥‹ à¤ à¤—à¤¾ à¤¸à¤¾ à¤®à¤¹à¤¸à¥‚à¤¸ à¤•à¤° à¤°à¤¹à¤¾ à¤¹à¥‚à¤à¥¤ 27500 à¤°à¥à¤ªà¤¯à¥‡ à¤•à¤¾ à¤ªà¥‚à¤°à¤¾ à¤¨à¥à¤•à¤¸à¤¾à¤¨ à¤¹à¥à¤†à¥¤ à¤•à¤‚à¤ªà¤¨à¥€ à¤¨à¥‡ à¤¹à¤®à¥‡à¤‚ à¤¬à¥‡à¤µà¤•à¥‚à¤« à¤¬à¤¨à¤¾à¤¯à¤¾à¥¤ à¤…à¤—à¤° à¤¸à¤š à¤•à¤¹à¥‚à¤‚ à¤¤à¥‹ à¤•à¥‹à¤ˆ à¤®à¥à¤«à¥à¤¤ à¤®à¥‡à¤‚ à¤­à¥€ à¤¦à¥‡ à¤¤à¥‹ à¤­à¥€ à¤¯à¥‡ à¤²à¥ˆà¤ªà¤Ÿà¥‰à¤ª à¤²à¥‡à¤¨à¥‡ à¤²à¤¾à¤¯à¤• à¤¨à¤¹à¥€à¤‚ à¤¹à¥ˆà¥¤ à¤¬à¤¿à¤²à¥à¤•à¥à¤² à¤¬à¥‡à¤•à¤¾à¤° à¤ªà¥à¤°à¥‹à¤¡à¤•à¥à¤Ÿ, à¤à¤¸à¥€ à¤•à¥‹à¤ˆ à¤¸à¤®à¤¸à¥à¤¯à¤¾ à¤¨à¤¹à¥€à¤‚ à¤œà¥‹ à¤‡à¤¸ à¤²à¥ˆà¤ªà¤Ÿà¥‰à¤ª à¤®à¥‡à¤‚ à¤¨à¤¹à¥€à¤‚ à¤¹à¥ˆ, à¤‡à¤¸à¥‡ à¤–à¤°à¥€à¤¦à¤¨à¥‡ à¤¸à¥‡ à¤¬à¥‡à¤¹à¤¤à¤° à¤¹à¥ˆ à¤•à¤¿ à¤‰à¤¸ à¤ªà¥ˆà¤¸à¥‡ à¤•à¥‹ à¤•à¤¹à¥€à¤‚ à¤¦à¤¾à¤¨ à¤•à¤° à¤¦à¤¿à¤¯à¤¾ à¤œà¤¾à¤¯à¥¤",1.0,Bad product
Don't buy these product as it is total cheap qualityWaste of money,1.0,Bad quality
Does not have a built in wireless router. Got fooled by their marketing pitch. Pathetic. Need to buy separately. Disappointed. They are selling laptops without router. Real desperate sellers indeed. Imagine selling a laptop without internet connectivity. Laptop is Intermet readybut no internet connectivity so actually no Internet what soever,5.0,Pathetic product
I bought the laptop but its not charging by its charger at all..Brand new item having charger fault.And replacement by amazon not done in more than 10 days. Even  I am a prime user,1.0,Bad quality
"Totally wrost product. Donâ€™t buy this product otherwise youâ€™ll feel you have wasted your money on this product. Iâ€™m going to sell this product, if anyone interested contact me please.",1.0,Waste of Money
Laptop 15 Intel pentium Gold 6405u has pathetic processor is very slow one's you upload the windows 95% space is captured and system is getting slow.Customer service of HP Laptop is not promisable. I have ruined my 3 consecutive days to had whatsapp conversations and calls they not provided any solution.My time and money completely wasteSuggest to not buy HP Laptops with such bad service.,1.0,"Wasted of Money and Time to buy HP Laptops, bad customer service"
"I exchaged this with my 3rd generation i5 laptop. And belive me it's faster.Petium gold is as same as 10th generation i3 processor.10th genration ,good screen,1tb ,4gb RAM, descent battery life, big brand value.You're getting these features under 26K.On of the Best laptop under the range of 35k.",5.0,Value for Money
"For whatever the price quoted it seems the performance seems to be ok. But, the display is not acceptable. Seems kind of cheap display and brightness controlling is very bad. It is too bright and it you try to adjust you can't see the content.Disappointed with screen.",3.0,Ok except display
"1) Though processor is not premium, I wasn't expecting it to be too slow. Slowness is one problem.2) Wifi issue, I am not sure what contributes to this problem but it is there. I was able to connect to wifi initially and later after restart it was not getting connected. Very annoying. All the other devices at home are connected to wifi bar this annoying  laptop.3) What can you do with laptop without internet??4) I tried to leave review earlier but then amazon has removed this product from list.",2.0,Turn out to be disaster initially because of faulty product.
"It was written that this laptop comes with preloaded window 10 with Lifetime validity. However this is not true as, after few days of usage mgs from Microsoft stated appearing to buy Microsoft word and our word, excel and PowerPoint has stop functioning. Even the HP support team told me that HP does not sell laptops with window for lifetime validity. Feel like being cheated.",1.0,NO WINDOWS LIFETIME VALIDITY
"After using 7 days posting the review, worst performance too much of hang, battery life is not good, even camera not working.",1.0,Waste product
"I purchased H.P laptop on 12 march 2021 .It has manufacturing  deffect ,it is not working good .No one is listening to me .please help me .",1.0,Very slow
If you are a noob with the lap and you are into studies this thing is enough. Its a Pentium gold and sometimes it runs on space time and won't sync with Earth time.Need some time for heat up and then it's like -I'm speed.didn't tried gaming on it.Worth for what we pay comparing to market.we can't get i3 for this price and no Full HD display. So no choice. That's ur that's the my review on this.,5.0,Beginner stuff
"à¤‡à¤¸à¥‡ à¤–à¤°à¥€à¤¦à¤•à¤° à¤®à¥ˆà¤‚ à¤–à¥à¤¦ à¤•à¥‹ à¤ à¤—à¤¾ à¤¸à¤¾ à¤®à¤¹à¤¸à¥‚à¤¸ à¤•à¤° à¤°à¤¹à¤¾ à¤¹à¥‚à¤à¥¤ 27500 à¤°à¥à¤ªà¤¯à¥‡ à¤•à¤¾ à¤ªà¥‚à¤°à¤¾ à¤¨à¥à¤•à¤¸à¤¾à¤¨ à¤¹à¥à¤†à¥¤ à¤•à¤‚à¤ªà¤¨à¥€ à¤¨à¥‡ à¤¹à¤®à¥‡à¤‚ à¤¬à¥‡à¤µà¤•à¥‚à¤« à¤¬à¤¨à¤¾à¤¯à¤¾à¥¤ à¤…à¤—à¤° à¤¸à¤š à¤•à¤¹à¥‚à¤‚ à¤¤à¥‹ à¤•à¥‹à¤ˆ à¤®à¥à¤«à¥à¤¤ à¤®à¥‡à¤‚ à¤­à¥€ à¤¦à¥‡ à¤¤à¥‹ à¤­à¥€ à¤¯à¥‡ à¤²à¥ˆà¤ªà¤Ÿà¥‰à¤ª à¤²à¥‡à¤¨à¥‡ à¤²à¤¾à¤¯à¤• à¤¨à¤¹à¥€à¤‚ à¤¹à¥ˆà¥¤ à¤¬à¤¿à¤²à¥à¤•à¥à¤² à¤¬à¥‡à¤•à¤¾à¤° à¤ªà¥à¤°à¥‹à¤¡à¤•à¥à¤Ÿ, à¤à¤¸à¥€ à¤•à¥‹à¤ˆ à¤¸à¤®à¤¸à¥à¤¯à¤¾ à¤¨à¤¹à¥€à¤‚ à¤œà¥‹ à¤‡à¤¸ à¤²à¥ˆà¤ªà¤Ÿà¥‰à¤ª à¤®à¥‡à¤‚ à¤¨à¤¹à¥€à¤‚ à¤¹à¥ˆ, à¤‡à¤¸à¥‡ à¤–à¤°à¥€à¤¦à¤¨à¥‡ à¤¸à¥‡ à¤¬à¥‡à¤¹à¤¤à¤° à¤¹à¥ˆ à¤•à¤¿ à¤‰à¤¸ à¤ªà¥ˆà¤¸à¥‡ à¤•à¥‹ à¤•à¤¹à¥€à¤‚ à¤¦à¤¾à¤¨ à¤•à¤° à¤¦à¤¿à¤¯à¤¾ à¤œà¤¾à¤¯à¥¤",1.0,VERY POOR QUALITY ZERO VALUED - SEEMS CHEATED
Got damaged product when rcvd replacment .. found bubbles and crack on display,1.0,Got display crack n bubbles
It's hanging and taking more time to access. .. Windows 10 consume more RAM. So 4 GB ram is not enough ..I purchased in the month of February 1 at week...2 Nd week Onwards problem started.. Very disappointed,2.0,Worthless laptop
"The laptop is extremely slow maybe due to processor speed or Ram memory or both.I would have given it zero rating if possible. My money went down the drain.I should have spent a bit higher and gone for a better laptop. Now I am left with a useless piece worth Rs 30,000.",1.0,Extremely slow. Good only for small kids for their training. Not worthwhile for any adults.
Waste of money donâ€™t buy even call center personal are very bad Iâ€™m keep on waiting and mid night it get rectified for replacement,1.0,Mouse not working
The product doesn't meet my requirements lags on every second. Kindly return this produt Amazon. I didn't expect this from Amazon.,1.0,No performance
Get your windows reinstalled without all blotwares including mc cafe it will get licensed automatically and see this laptops magical performance. No difference between I and Pentium gold CPU in all your daily computing except heavy games,4.0,Very good laptop
Good laptops but i don't suggest you to buy it if you are going to spend approx 26500/-. The laptop is slow .I'll suggest to buy i3 laptops (as you are going to spend 26500) or  buy Pentium Gold under 22000.,4.0,"This laptop is good but if you spend more 3000 , you will get far better laptop from it."
Hardware wise it's a perfect laptop. But after a week of use I'm disappointed that it's slow. Actually it's very slow.,3.0,Slow in performance..
The laptop is very slow. The body is not appear sturdy. the laptop plastic body go in when held from the sides. There is glue oozing out of the edges of the monitor screen.,1.0,Not worth buying
It's a good product.The battery life is to be extended and no issues about the material.,4.0,Battery life to be extendeh
Best performance quality hp productThis product best for students purpose& good battery performance,5.0,Best hp laptop for commercial use
"Seller sent me a used laptop ,from touchpad any body can see the mark of using , build quality is very poor , I think it's a refurbished item , but company tells it's a new product. Very bad experience .",1.0,Used product
"Very slow, difficult to do basic operations",1.0,Not worth
Good!,5.0,HP Laptop
"The product is gud. Packing is nice.Processor is working smooth. I have added additional 4gb ddr4 2666v ram and 120gb nvme ssd hard drive.Reinstalled the windows on to ssd and vola, no lag at all.",5.0,"Gud product, with added hardwares"
It is performing so badly I cannot tell. How could a company sell a defective product like this. HP is a well known brand and should take responsibility for such a poor product. Extremely disappointed â˜¹ï¸,1.0,Pathetic laptop
It's really a nice product on Amazon,4.0,Good one
Battery back up is not good at all.Price is okay.,3.0,Battery back up
Not satisfied with battery life,3.0,Battery ðŸ”‹ not good
"All things are good special battery and speakers, but performance is little bit slow,But no worries because you can add SSD in this device if you required speedy performance.",4.0,Good purchase
"Please call me ASAP, the laptop is really in bad condition, it keeps on hanging and there is literally nothing in it right now. It's a new laptop. It's refresh rate is also too slow.",1.0,Processor is too slow. Keep on getting stuck
Product for childrenSpeed is slow,3.0,Slow speed
Ordered for daughters school hardly used for a week. Not switching on. Need a replavementVery bad . 1st bad experience from Amazon,1.0,Issue with starting. Need replacement
Nce product,5.0,Nice product nice battery backup
Except RAM it is ok..speed is very very slow,3.0,Speed
it not a good product . product is getting hanged within a first few days.,2.0,not good product
within buying of 10 days my laptop's  hard disk  failed and showing  boot option automatically . Very disappointed from this laptop ..... please don't buy it.,1.0,Hard disk failure
Dont but this product. It is very slow . It is a waste of money.,1.0,Piece of garbage
Worst performance..not able to handle even light file.. getting banged again and again..pls don't buy it..,1.0,Worst performance
The pc is really running very slow and pathetic.Not happy with performance.I am regretting to purchase it.,1.0,Very slow even it is penitium core
Very bad product plzz...don't buy it after 2 weeks it's hanging too much and battery life is very poor....I request you to don't buy it,1.0,Bad product
I would not recommend anyone to purchase this. System got hung anytime. Not working problem while doing multi-task.,1.0,Worst product
"Not worthy, poor performance",1.0,Not worthy
"Have been using since past few days, I'm happy with this purchase. Smooth performance, LED display with perfect video clarity. Good product with an average cost available in the market.",5.0,Amazing deal!
Excellent quality,5.0,Superb
"bahut hi kharab product,Amzon ki traf se koi resposble person madad nahi kar raha hai product wapsi ke liye,2 june se continew resudule picup ho raha hai......",1.0,pickup retrun not goods
Very good... Best for normal use.  It doesn't provide ms 365 full version and not activated.,5.0,Good laptop
"Good for regular office work. Not for heavy task, like editing, gaming etc",4.0,Value for money but only for basic work
Pathetic product.... Feeling cheated after purchase.... Very bad service,1.0,Pathetic product... Feeling cheated
It is a dead laptop. Its speed will remind you the 90's pc speed and performance.,1.0,A dead Laptop
Very slow,1.0,Not working properly and very slow
Please stop buying these kind of products!! It's totally waste of money,1.0,Please don't buy this
Good battery backup and so smooth and fast speed ðŸ‘ŒðŸ˜ŽðŸ‘ðŸ‘,4.0,Good
very very slow processor and there is a noise in speaker no clarity sound,1.0,Very very slow processor
I like everything in this laptop.... Best.. I suggest to buy it... ðŸ˜ðŸ˜â¤,5.0,Great
working very good,5.0,working very good
Nice product under 30000.,5.0,A value for money deal
Veery bed products,1.0,Verry bed product
Everytime it's hanging.,1.0,Worst product.
So far nice got with exchange for 17500,5.0,Hp laptop
Worsed..do not buy this ..,1.0,Worsedcompuer and I filled return also but not yet returned back
Laptop hang again & again,1.0,Worst service of hp
decent product at this price,4.0,good product
Nothing good,1.0,Nothing good
Laptop is very slow,1.0,Cheating by Amazon
found to my liking,4.0,delivery
Slow processing,1.0,Very slow processing
Value for money,5.0,Good battery life
Average,5.0,Average product
Good Product,5.0,Good one
Good,4.0,Very nice
Kooda product,1.0,Kooda product
Nice,4.0,Nice ðŸ‘
,5.0,It's amazing product.
"Its a Good Value for money Laptop.Battery life 4.5 out of 5 starsis Highest in 10th Generation Intel. (4 - 6 hours of Office work)Speed - 2.8 out of 5 stars it's OK for office work like Internet surfing, word excel PowerPoint zoom.Weight - 3 out of 5 stars.It has decent weight. Lighter than dell and heavier than atom book.I am a technician since 1998 and know much about technology in depth.Buy this if your work is simple.Buy if you want highest battery life.Buy to save money because this is the cheapest cpu out there between 21500 - 28000 range. Depends on market state and tax.* Don't buy for gaming.* Don't Buy for upgrading if you don't have experience, because this laptop needs professional hands to open and upgrade.* Don't Buy if you want to use more than 5 applications and software in single time.This laptop as per the budget is slower than the 32000 - 38000 range i3/amd. But remember this is a 10th Generation with future possibilities to upgrade to 16gb ram and SSD. After upgrading this will have 600% faster speeds and 30% improved battery and the weight will also be reduced .Buy this and you can upgrade with faster RaM and ssd to make it blazing fast. This makes it essentially future proofing with upgrades.*Let me tell you in Simple words. The speed is EQUAL to Intel 4th Gen i5 processor.*",4.0,Best deal for Future Proofing
This is a good entry-level laptop for the price. Highly recommended for students - study for home and for light office work. Can be used as a good entertainment device as well.,5.0,Good entry level laptop
Pathetic...it's very slow n work stucked.. it was my mistake..my kid not able to do class smoothly...if I could exchange with other model//ssd it would be greatful,1.0,Worst exp
"Your browser does not support HTML5 video.


  Â This laptop is not getting login MicrosoftAnd it is getting heating this laptop i had buyed for online classes and the chargingis good and Bluetooth is good",3.0,Super saver
HP  computer compact 2007 à¤ªà¤µà¥‡à¤²à¤¿à¤¯à¤¨ à¤¶à¥à¤°à¥‚ à¤¸à¥‡ à¤‰à¤¸à¤®à¥‡à¤‚ à¤–à¤¾à¤®à¤¿à¤¯à¤¾à¤‚ à¤¥à¥€ à¤ªà¥à¤°à¥‹à¤¡à¤•à¥à¤Ÿ à¤•à¥‡ à¤…à¤‚à¤¦à¤° à¤•à¤¾à¤«à¥€ à¤•à¤®à¤¿à¤¯à¤¾à¤‚ à¤¥à¥€ à¤¸à¤¹à¥€ à¤¸à¥‡ à¤šà¤²à¤¤à¤¾ à¤¨à¤¹à¥€à¤‚ à¤¥à¤¾à¥¤ à¤•à¥‡à¤µà¤² à¤®à¤°à¤®à¥à¤®à¤¤ à¤•à¤°à¤•à¥‡ à¤¸à¤°à¥à¤µà¤¿à¤¸ à¤¸à¥‡ à¤µà¤¾à¤°à¤‚à¤Ÿà¥€ à¤ªà¥€à¤°à¤¿à¤¯à¤¡ à¤®à¥‡à¤‚ à¤¸à¤®à¤¾à¤ªà¥à¤¤ à¤¹à¥‹ à¤—à¤ˆ à¤‰à¤¸à¤•à¥‡ à¤¬à¤¾à¤¦ à¤ªà¥à¤°à¥‹à¤¡à¤•à¥à¤Ÿ à¤¸à¤¹à¥€ à¤¸à¥‡ à¤•à¤¾à¤® à¤¨à¤¹à¥€à¤‚ à¤•à¤¿à¤¯à¤¾ à¤ªà¥ˆà¤¸à¤¾ â‚¹50000 à¤¬à¤°à¥à¤¬à¤¾à¤¦ à¤¹à¥‹ à¤—à¤¯à¤¾.,1.0,à¤¨à¤ à¤ªà¥à¤°à¥‹à¤¡à¤•à¥à¤Ÿ à¤¸à¥‹à¤š à¤¸à¤®à¤ à¤•à¥‡ à¤–à¤°à¥€à¤¦à¤¨à¤¾ à¤šà¤¾à¤¹à¤¿à¤
"Package is already opened and also Performance bad ,Ms office already installed but could not working it's still updating and then error message...",1.0,Bad performance and packing
Extremely slow from the very first day. It takes approximately 10-15 minutes to start. Absolutely waste of money. Very very disappointing,1.0,Extremely slow from the very first day
"I have got new laptop, but too much slowness is there, could you please any one assist that how to speed up",2.0,Laptop slowness
Supar awesome ðŸ‘Œfantastic  nice ðŸ‘ðŸ»Laptop ðŸ’» good ðŸ‘ðŸ»and nice workBattery life is most likely 4 hours so basic,3.0,Nice product ðŸ‘Œ
After 1 month nothing was visible on screen ..my laptop's screen was freezed and now all the money got wasted,1.0,Never buy this product
"Hi , i have not received warranty card with my laptop .. please checkAnd revert as i need it",4.0,"Hi , i have not received warranty card with my laptop"
Samne Se Dekhne per hi image saaf Dikhai deta hai HP isase aur achcha kar sakta tha Hame yah bilkul Achcha Nahi hai very bad experience,2.0,Very bad experience
"Perfect for everyday tasks ( considering the price point)Display 10/10Processing 8/10Keyboard 9/10Wireless connectivity 10/10Multitasking 7/10Webcam 7/10Boot 8/10Speaker 8/10Warranty 10/10But I have received this product today , This is my first impression.I can say that it is an upgraded version of Avita essential.( Processor, Bluetooth, Operating system)",5.0,"Decent laptop for normal use and Web browsing, multimedia"
Third class... Trackpad doesn't work,1.0,Third class..
"Every thing looks good like fast, clarity and brightness . power back up. Only one problem is camera is in  bottom and small kids  like below 7th if they are using for online class they have to sit very near to laptop ... Or their face video will not visible.",5.0,Good laptop for this price range.
Slim and Compact. Excellent display. Fast boot-up. Good for normal use.,4.0,Looks Good
"screen is good everything else is average connectivity is even below average as it has only 2 usb ports nun of them is 3.0 and it does not have any lan port either, its only a wifi laptop.. all ports even 3.5mm earphone jack and charging all are placed on back with usb ports so it makes a bit difficult to access them while working.. and the webcam is also places above the keyboard so can not adjust it by tilting screen have to move the whole laptop.. ram and rom both are not expendable which seems idiotic.. don't know why the company did all these stupid things and made a good product below average they could have positioned the camera and ports on right places where they normally are and could have given option to increase ram and rom and this could have been the best product in range.",1.0,AVERAGE PRODUCT
"Cute, affordable, totally worth at this price, full hd display just awsome... Best at this price range..",5.0,Loved it....â¤
Good,4.0,Good
It is very easy and comfortable to carry because of size.Buttons screen and body is soft and feels premium.i love it,4.0,Value for money ðŸ’¯%
"Pros : great display, best to use for daily purpose.Cons : 4 GB Ram not extendable..",4.0,Sounds Okay
Everything working fine. Only one problem is camera is in bottom. Laptop is worth for this price.MS office is only one trail.,4.0,Good Laptop
Thank you,5.0,Thank you amajon
Value for money.Good for online classes. Webcam is not above.So it will be difficult for small children to attend. Otherwise ok.,4.0,Good one.
"Awesome Laptop User friendly, slightly heating up like phone rest all great.. thank you",5.0,"Screen quality Amazing, there is no lag for opening folders & file it's faster.."
Nice product best performance,4.0,Good quality
Appario retailer is best,5.0,All is well appario retailer
The best budget laptop in the market,5.0,Amazing for its price!
good laptop for normal user,4.0,decent laptop
Laptop is very good,5.0,Nice laptop
Like,5.0,Value For money
"Nice product, screen quality is good, battery life is good, light weight.. But the only problem is camera is in down. Best laptop for students.",3.0,Best laptops for study ðŸ“šâœ
"Worst chinese product , heating issue,no ventilator, camera is not good,one @  key function "" and "" function @, just horrible",1.0,Like a toy
"Nice product , Best quality , I'm very happy friends bay product Best quality ..... By tis laptop very good laptop....",5.0,Very good product
